Study	Sample ID	Cancer Type Detailed	Gene 1	Site1 Entrez Gene Id	Site1 Ensembl Transcript Id	Site1 Chromosome	Site1 Position	Site1 Exon/Intron	Site1 Description	Gene 2	Site2 Entrez Gene Id	Site2 Ensembl Transcript Id	Site2 Chromosome	Site2 Position	Site2 Exon/Intron	Site2 Description	Effect on Frame	MS	NCBI Build	DNA Support	RNA Support	Normal Read Count	Tumor Read Count	Normal Variant Count	Tumor Variant Count	Normal Paired End Read Count	Tumor Paired End Read Count	Normal Split Read Count	Tumor Split Read Count	SV Description	Breakpoint Type	Center	Connection Type	Event Info	Variant Class	Length	Comments
genie_public	GENIE-UCSF-12968-3762T		CD74	972	NA	NA	-1		NA	PDGFRB	5159	NA	NA	-1		NA	unknown	SOMATIC	NA	Yes	NA	-1	-1	-1	-1	-1	-1	-1	-1	NA	NA		NA	CD74-PDGFRB fusion	NA	-1	NA
genie_public	GENIE-UCSF-3612-15847T		ETV6	2120	NA	NA	-1		NA	PDGFRB	5159	NA	NA	-1		NA	unknown	SOMATIC	NA	Yes	NA	-1	-1	-1	-1	-1	-1	-1	-1	NA	NA		NA	ETV6::PDGFRB fusion	NA	-1	NA
genie_public	GENIE-UCSF-3612-6617T		PRKCA	5578	NA	NA	-1		NA	PDGFRB	5159	NA	NA	-1		NA	unknown	SOMATIC	NA	Yes	NA	-1	-1	-1	-1	-1	-1	-1	-1	NA	NA		NA	PRKCA-PDGFRB	NA	-1	NA
genie_public	GENIE-UCSF-3612-15847T		PRKCA	5578	NA	NA	-1		NA	PDGFRB	5159	NA	NA	-1		NA	unknown	SOMATIC	NA	Yes	NA	-1	-1	-1	-1	-1	-1	-1	-1	NA	NA		NA	PRKCA::PDGFRB fusion	NA	-1	NA
genie_public	GENIE-DFCI-386636-4192242		ADAM33	80332	NA	NA	-1		NA	PDGFRB	5159	NA	NA	-1		NA	Unknown	SOMATIC	NA	Yes	Yes	-1	-1	-1	-1	-1	-1	-1	-1	NA	NA		NA	ADAM33-PDGFRB	NA	-1	NA
genie_public	GENIE-MSK-P-0003218-T01-IM5		CSF1R	1436	NA	5	149447359		Intron of CSF1R(-): 419bp after exon 11	PDGFRB	5159	NA	5	149500820		Exon 17 of PDGFRB(-)	NA	SOMATIC	GRCh37	Yes	Unk	19604	20000	1	23	-1	-1	-1	52	NA	PRECISE		5to3	Protein fusion: mid-exon (CSF1R-PDGFRB)	DUPLICATION	53461	Note: The CSF1R (NM_005211) - PDGFRB (NM_002609) rearrangement event is a duplication which results in the fusion of CSF1R exons 1 to 11 and PDGFRB exons 17 to 23. The breakpoint in PDGFRB is within exon 17.
genie_public	GENIE-DFCI-203508-2839452		DCTN4	51164	NA	NA	-1		NA	PDGFRB	5159	NA	NA	-1		NA	Unknown	SOMATIC	NA	Yes	Yes	-1	-1	-1	-1	-1	-1	-1	-1	NA	NA		NA	DCTN4-PDGFRB	NA	-1	NA
genie_public	GENIE-MSK-P-0073625-T12-IH4		ETV6	2120	NA	12	12011214		Intron of ETV6(+):5Kb after exon 4	PDGFRB	5159	NA	5	149509095		Intron of PDGFRB(-):224bp after exon 10	NA	SOMATIC	GRCh37	Unk	Unk	0	0	0	18	-1	-1	-1	-1	ETV6 (NM_001987) - PDGFRB (NM_002609) fusion: t(5;12)(q32;p13.2)(chr5:g.149509095::chr12:g.12011214)	PRECISE		3to3	Protein Fusion: in frame  {ETV6:PDGFRB}	TRANSLOCATION	0	Note: The ETV6 - PDGFRB fusion involves ETV6 exons 1 - 4 and PDGFRB exons 11 - 23. The fusion is predicted to be in frame and includes the kinase domain of PDGFRB.
genie_public	GENIE-MSK-P-0063004-T08-IH4		ETV6	2120	NA	12	12016895		Intron of ETV6(+):5Kb before exon 5	PDGFRB	5159	NA	5	149509094		Intron of PDGFRB(-):225bp after exon 10	NA	SOMATIC	GRCh37	Yes	Unk	0	0	0	18	-1	-1	-1	10	ETV6 (NM_001987) - PDGFRB (NM_002609) fusion: t(5;12)(q32;p13.2)(chr5:g.149509094::chr12:g.12016895)	PRECISE		3to3	Protein Fusion: in frame  {ETV6:PDGFRB}	TRANSLOCATION	0	Note: The ETV6 - PDGFRB fusion involves ETV6 exons 1 - 4 and PDGFRB exons 11 - 23. The fusion is predicted to be in frame and includes the kinase domain of PDGFRB.
genie_public	GENIE-DFCI-667829-6808449		FN1	2335	NA	NA	-1		NA	PDGFRB	5159	NA	NA	-1		NA	Unknown	SOMATIC	NA	Yes	Yes	-1	-1	-1	-1	-1	-1	-1	-1	NA	NA		NA	FN1-PDGFRB	NA	-1	NA
genie_public	GENIE-PROV-52e58b3ae8-fcda14f3ad		FN1	2335	NA	2	216232586		NA	PDGFRB	5159	NA	5	149506177		NA	NA	SOMATIC	GRCh37	NA	Yes	-1	-1	-1	-1	-1	-1	-1	-1	NA	PRECISE		NA	Fusion: (FN1-PDGFRB)	FUSION	-1	NA
genie_public	GENIE-DFCI-109767-571749		NRG2	9542	NA	NA	-1		NA	PDGFRB	5159	NA	NA	-1		NA	Unknown	SOMATIC	NA	Yes	Yes	-1	-1	-1	-1	-1	-1	-1	-1	NA	NA		NA	NRG2-PDGFRB	NA	-1	NA
genie_public	GENIE-MSK-P-0057382-T02-IM7		PDE6A	5145	NA	5	149298575		Intron of PDE6A(-):3Kb after exon 5	PDGFRB	5159	NA	5	149515394		Exon 3 of PDGFRB(-)	NA	SOMATIC	GRCh37	Yes	Unk	85787	70142	0	3	-1	-1	-1	5	PDE6A (NM_000440) - PDGFRB (NM_002609) rearrangement: c.933+2623:PDE6A_c.88:PDGFRBdup	PRECISE		5to3	Protein Fusion: mid-exon  {PDE6A:PDGFRB}	DUPLICATION	216819	Note: The PDE6A - PDGFRB rearrangement is a duplication that results in a fusion of PDE6A exons 1 - 5 to PDGFRB exons 3 - 23. One of the breakpoints is within PDGFRB exon 3. The fusion includes the kinase domain of PDGFRB. Functional significance is undet
genie_public	GENIE-MSK-P-0013271-T01-IM5		PDGFRB	5159	NA	5	149509311		Intron of PDGFRB(-): 9bp after exon 10	CAMK2A	815	NA	5	149651101		Intron of CAMK2A(-): 2Kb after exon 2	NA	SOMATIC	GRCh37	Yes	Unk	14810	23023	0	22	-1	-1	-1	31	PDGFRB (NM_002609) - CAMK2A (NM_015981)  rearrangement: c.1579+9:PDGFRB_c.157+1527:CAMK2Adup	PRECISE		5to3	Protein fusion: in frame (PDGFRB-CAMK2A)	DUPLICATION	141790	Note: The PDGFRB - CAMK2A rearrangement is a duplication that results in the fusion of PDGFRB exons 1-10 with CAMK2A exons 3 - 19. The functional significance is undetermined.
genie_public	GENIE-MSK-P-0098171-T01-IM7		PDGFRB	5159	NA	5	149515310		Exon 3 of PDGFRB(-)	CAMK2A	815	NA	5	149648324		Intron of CAMK2A(-):4Kb before exon 3	NA	SOMATIC	GRCh37	Unk	Unk	2713	1608	0	10	-1	-1	-1	-1	PDGFRB (NM_002609) - CAMK2A (NM_015981) rearrangement: c.172:PDGFRB_c.158-3746:CAMK2Adup	PRECISE		5to3	Protein Fusion: mid-exon  {PDGFRB:CAMK2A}	DUPLICATION	133014	Note: The PDGFRB - CAMK2A rearrangement is a duplication that results in a fusion of PDGFRB exons 1 - 3 to CAMK2A exons 3 - 19. One of the breakpoints is within PDGFRB exon 3. The fusion does not include the kinase domain of PDGFRB. Functional significanc
genie_public	GENIE-DFCI-582851-5360349		PDGFRB	5159	NA	NA	-1		NA	CAMTA1	23261	NA	NA	-1		NA	Unknown	SOMATIC	NA	Yes	Yes	-1	-1	-1	-1	-1	-1	-1	-1	NA	NA		NA	PDGFRB-CAMTA1	NA	-1	NA
genie_public	GENIE-DFCI-034280-74866		PDGFRB	5159	NA	NA	-1		NA	CDX1	1044	NA	NA	-1		NA	Unknown	SOMATIC	NA	Yes	Yes	-1	-1	-1	-1	-1	-1	-1	-1	NA	NA		NA	PDGFRB-CDX1	NA	-1	NA
genie_public	GENIE-DFCI-134279-1414171		PDGFRB	5159	NA	NA	-1		NA	CSF1R	1436	NA	NA	-1		NA	Unknown	SOMATIC	NA	Yes	Yes	-1	-1	-1	-1	-1	-1	-1	-1	NA	NA		NA	PDGFRB-CSF1R	NA	-1	NA
genie_public	GENIE-MSK-P-0074289-T01-IM7		PDGFRB	5159	NA	5	149498292		Intron of PDGFRB(-):17bp after exon 21	DCTN4	51164	NA	5	150120926		Intron of DCTN4(-):749bp after exon 4	NA	SOMATIC	GRCh37	Yes	Unk	35271	67301	0	32	-1	-1	-1	10	PDGFRB (NM_002609) - DCTN4 (NM_001135643) rearrangement: c.2904+18:PDGFRB_c.429+750:DCTN4dup	PRECISE		5to3	Protein Fusion: in frame  {PDGFRB:DCTN4}	DUPLICATION	622634	Note: The PDGFRB - DCTN4 rearrangement is a duplication that results in a fusion of PDGFRB exons 1 - 21 to DCTN4 exons 5 - 14. The fusion is predicted to be in frame and includes the kinase domain of PDGFRB. Functional significance is undetermined. This w
genie_public	GENIE-DFCI-667829-6808449		PDGFRB	5159	NA	NA	-1		NA	FN1	2335	NA	NA	-1		NA	Unknown	SOMATIC	NA	Yes	Yes	-1	-1	-1	-1	-1	-1	-1	-1	NA	NA		NA	PDGFRB-FN1	NA	-1	NA
genie_public	GENIE-VICC-976510-unk-1		PDGFRB	5159	NA	NA	-1		NA	NOTCH1	4851	NA	NA	-1		NA	unknown	SOMATIC	GRCh37	Yes	NA	-1	-1	-1	-1	-1	-1	-1	-1	NA	NA		NA	PDGFRB-NOTCH1 fusion	NA	-1	NA
genie_public	GENIE-MSK-P-0062956-T01-IM7		PDGFRB	5159	NA	5	149287997		Intron of PDE6A(-):1Kb before exon 7	PDE6A	5145	NA	5	149512270		Intron of PDGFRB(-):42bp after exon 7	NA	SOMATIC	GRCh37	Yes	Unk	49719	27066	0	70	-1	-1	-1	10	PDGFRB (NM_002609) - PDE6A (NM_000440) rearrangement: c.1127+43:PDGFRB_c.999-1056:PDE6Adel	PRECISE		3to5	Protein Fusion: in frame  {PDGFRB:PDE6A}	DELETION	224273	Note: The PDGFRB - PDE6A rearrangement is a deletion that results in a fusion of PDGFRB exons 1 - 7 to PDE6A exons 7 - 22. The fusion is predicted to be in frame and does not include the kinase domain of PDGFRB. Functional significance is undetermined.
genie_public	GENIE-UCSF-456441-09977T		PDGFRB	5159	NA	NA	-1		NA	PDGFRB	5159	NA	NA	-1		NA	unknown	SOMATIC	NA	Yes	NA	-1	-1	-1	-1	-1	-1	-1	-1	PDGFRB rearrangement; see interpretation	NA		NA	PDGFRB-intragenic	NA	-1	NA
genie_public	GENIE-MSK-P-0062019-T01-IM7		PDGFRB	5159	NA	5	149514474		Exon 4 of PDGFRB(-)	PDGFRB	5159	NA	5	149537919		Promoter of PDGFRB(-):45Kb from tx start	NA	SOMATIC	GRCh37	Yes	Unk	4714	8796	0	9	-1	-1	-1	10	PDGFRB (NM_002609) rearrangement: c.470:PDGFRB_chr5:g.149537919del	PRECISE		3to5	Deletion within transcript : mid-exon	DELETION	23445	Note: The PDGFRB rearrangement is a deletion of exons 1 - 4. One of the breakpoints is within exon 4. The rearrangement does not include the kinase domain of PDGFRB. Functional significance is undetermined.
genie_public	GENIE-MSK-P-0041637-T01-IM6		PDGFRB	5159	NA	5	67335726		IGR: 150Kb before LOC102467655(+)	PDGFRB	5159	NA	5	149514541		Exon 4 of PDGFRB(-)	NA	SOMATIC	GRCh37	Yes	Unk	243271	427146	0	89	-1	-1	-1	10	PDGFRB (NM_002609) rearrangement: c.403:PDGFRB_chr5:g.67335726inv	PRECISE		3to3	PDGFRB-intragenic	INVERSION	82178815	Note: The PDGFRB rearrangement is an inversion of exons 4 - 23. One of the breakpoints is within exon 4. The rearrangement includes the kinase domain of PDGFRB. Functional significance is undetermined.
genie_public	GENIE-MSK-P-0066705-T01-IM7		PDGFRB	5159	NA	5	149502737		Exon 15 of PDGFRB(-)	PDGFRB	5159	NA	5	149516371		Intron of PDGFRB(-):199bp after exon 2	NA	SOMATIC	GRCh37	Yes	Unk	21850	25008	0	16	-1	-1	-1	10	PDGFRB (NM_002609) rearrangement: c.40+200_c.2051dup	PRECISE		5to3	Duplication within transcript : mid-exon	DUPLICATION	13634	Note: The PDGFRB rearrangement is an intragenic duplication of exons 3 - 15. One of the breakpoints is within exon 15. The rearrangement includes a part of the kinase domain of PDGFRB. Functional significance is undetermined.
genie_public	GENIE-MSK-P-0072292-T01-IM7		PDGFRB	5159	NA	5	149501698		Intron of PDGFRB(-):95bp before exon 16	PDGFRB	5159	NA	5	149507905		Intron of PDGFRB(-):1Kb after exon 10	NA	SOMATIC	GRCh37	Yes	Unk	8726	11883	0	5	-1	-1	-1	10	PDGFRB (NM_002609) rearrangement: c.1579+1415_c.2184-95del	PRECISE		3to5	Deletion of 5 exons : out of frame	DELETION	6207	Note: The PDGFRB rearrangement is an intragenic deletion of exons 11 - 15. The rearrangement includes a part of the kinase domain of PDGFRB. Functional significance is undetermined.
genie_public	GENIE-MSK-P-0074296-T01-IM7		PDGFRB	5159	NA	5	46306775		IGR: 1Mb before HCN1(-)	PDGFRB	5159	NA	5	149505981		Intron of PDGFRB(-):101bp after exon 11	NA	SOMATIC	GRCh37	Yes	Unk	687308	198342	0	14	-1	-1	-1	10	PDGFRB (NM_002609) rearrangement: c.1674+102:PDGFRB_chr5:g.46306775del	PRECISE		3to5	PDGFRB-intragenic	DELETION	103199206	Note: The PDGFRB rearrangement is a deletion of exons 12 - 23. The rearrangement includes the kinase domain of PDGFRB. Functional significance is undetermined.
genie_public	GENIE-MSK-P-0017509-T01-IM6		PDGFRB	5159	NA	5	149490642		Promoter of PDGFRB(-):3Kb from tx start	PDGFRB	5159	NA	5	149503863		Exon 14 of PDGFRB(-)	NA	SOMATIC	GRCh37	Unk	Unk	11468	27095	0	4	-1	-1	-1	-1	PDGFRB (NM_002609) rearrangement: c.1973_c.*4684del	PRECISE		3to5	Deletion within transcript : mid-exon	DELETION	13221	Note: The PDGFRB rearrangement is a deletion of exons 14-23. One of the breakpoints is within exon 14
genie_public	GENIE-MSK-P-0026485-T01-IM6		PDGFRB	5159	NA	17	62611355		Intron of SMURF2(-):9Kb before exon 2	PDGFRB	5159	NA	5	149497245		Exon 22 of PDGFRB(-)	NA	SOMATIC	GRCh37	Unk	Unk	0	0	0	61	-1	-1	-1	-1	PDGFRB (NM_002609) rearrangement: t(5;17)(q32;q23.3)(chr5:g.149497245::chr17:g.62611355)	PRECISE		3to3	PDGFRB-intragenic	TRANSLOCATION	0	Note: The PDGFRB rearrangement is a translocation involving exon 22. One of the breakpoints is within exon 22. Its functional significance is undetermined.
genie_public	GENIE-MSK-P-0063698-T01-IM7		PDGFRB	5159	NA	5	149502573		Intron of PDGFRB(-):31bp after exon 15	PDGFRB	5159	NA	5	149508682		Intron of PDGFRB(-):637bp after exon 10	NA	SOMATIC	GRCh37	Unk	Unk	8870	10852	0	76	-1	-1	-1	-1	PDGFRB (NM_002609) rearrangement: c.1579+638_c.2183+32dup	PRECISE		5to3	Duplication of 5 exons : out of frame	DUPLICATION	6109	Note: The PDGFRB rearrangement is an intragenic duplication of exons 11 - 15. The rearrangement includes a part of the kinase domain of PDGFRB. Functional significance is undetermined. Further characterization of this rearrangement is being attempted by R
genie_public	GENIE-MSK-P-0090272-T03-IM7		PDGFRB	5159	NA	5	149506054		Intron of PDGFRB(-):28bp after exon 11	PDGFRB	5159	NA	5	149751935		Intron of TCOF1(+):136bp after exon 7	NA	SOMATIC	GRCh37	Unk	Unk	27311	31729	0	82	-1	-1	-1	-1	PDGFRB (NM_002609) rearrangement: c.1674+29:PDGFRB_chr5:g.149751935del	PRECISE		3to5	PDGFRB-intragenic	DELETION	245881	Note: The PDGFRB rearrangement is a deletion of exons 1 - 11. The rearrangement does not include the kinase domain of PDGFRB. Functional significance is undetermined.
genie_public	GENIE-UCSF-3409-4008T		PDGFRB	5159	NA	NA	-1		NA	PDGFRB	5159	NA	NA	-1		NA	unknown	SOMATIC	NA	Yes	NA	-1	-1	-1	-1	-1	-1	-1	-1	PDGFRB exon 12 inversion	NA		NA	PDGFRB-intragenic	NA	-1	NA
genie_public	GENIE-UCSF-3409-2267T		PDGFRB	5159	NA	NA	-1		NA	PDGFRB	5159	NA	NA	-1		NA	unknown	SOMATIC	NA	Yes	NA	-1	-1	-1	-1	-1	-1	-1	-1	PDGFRB exon 12 inversion	NA		NA	PDGFRB-intragenic	NA	-1	NA
genie_public	GENIE-UCSF-1442-1611T		PDGFRB	5159	NA	NA	-1		NA	PDGFRB	5159	NA	NA	-1		NA	unknown	SOMATIC	NA	Yes	NA	-1	-1	-1	-1	-1	-1	-1	-1	PDGFRB kinase domain tandem duplication	NA		NA	PDGFRB-intragenic	NA	-1	NA
genie_public	GENIE-MSK-P-0063698-T01-IM7		PDGFRB	5159	NA	NA	-1		NA	PDGFRB	5159	NA	NA	-1		NA	NA	SOMATIC	GRCh37	Yes	Unk	-1	-1	-1	-1	-1	-1	-1	-1	POSITIVE FOR THE FOLLOWING ISOFORM IN THE INVESTIGATIONAL PANEL:  Note: The MSK-Fusion panel shows RNA fusion between exon 15 and exon 12 of PDGFRB (NM_002609).  This event is consistent with partial kinase domain duplication. The functional significance 	NA		NA	PDGFRB-intragenic - Archer	NA	-1	Lab Notes Run Number: ArcherV4-CLIN-20210054 Macro-dissection: Not Performed
genie_public	GENIE-UCSF-10548-4290T		PDGFRB	5159	NA	NA	-1		NA	PDGFRB	5159	NA	NA	-1		NA	unknown	SOMATIC	NA	Yes	NA	-1	-1	-1	-1	-1	-1	-1	-1	PDGFRB rearrangement	NA		NA	PDGFRB-intragenic	NA	-1	NA
genie_public	GENIE-MSK-P-0081943-T01-IM7		PDGFRB	5159	NA	5	138172644		Intron of CTNNA1(+):9Kb after exon 7	PDGFRB	5159	NA	5	149504925		Intron of PDGFRB(-):82bp after exon 12	NA	SOMATIC	GRCh37	Unk	Unk	132132	85014	0	20	-1	-1	-1	-1	PDGFRB (NM_002609) rearrangement: c.1807+83:PDGFRB_chr5:g.138172644del	PRECISE		3to5	Antisense Fusion	DELETION	11332281	Note: The PDGFRB rearrangement is a deletion of exons 13 - 23. The rearrangement includes a part of the kinase domain of PDGFRB. Functional significance is undetermined.
genie_public	GENIE-MSK-P-0050039-T03-IM6		PDGFRB	5159	NA	5	149505046		Exon 12 of PDGFRB(-)	PDGFRB	5159	NA	2	24149539		Exon 1 of ATAD2B(-)	NA	SOMATIC	GRCh37	Yes	Unk	0	0	0	6	-1	-1	-1	10	PDGFRB (NM_002609) rearrangement: t(2;5)(p23.3;q32)(chr2:g.24149539::chr5:g.149505046)	PRECISE		3to3	PDGFRB-intragenic	TRANSLOCATION	0	Note: The PDGFRB rearrangement is a translocation with a breakpoint in exon 12. Functional significance is undetermined.
genie_public	GENIE-MSK-P-0045496-T01-IM6		PDGFRB	5159	NA	5	149498314		Exon 21 of PDGFRB(-)	PDGFRB	5159	NA	5	149503255		Intron of PDGFRB(-):491bp before exon 15	NA	SOMATIC	GRCh37	Yes	Unk	8283	10158	0	24	-1	-1	-1	10	PDGFRB (NM_002609) rearrangement: c.2024-491_c.2900inv	PRECISE		5to5	Antisense Fusion	INVERSION	4941	Note: The PDGFRB rearrangement is an intragenic inversion of exons 15 - 21. One of the breakpoints is within exon 21. The rearrangement includes a part of the kinase domain of PDGFRB. Functional significance is undetermined.
genie_public	GENIE-MSK-P-0039245-T01-IM6		PDGFRB	5159	NA	5	149510027		Intron of PDGFRB(-):74bp after exon 9	PDGFRB	5159	NA	5	152640215		IGR: 230Kb before GRIA1(+)	NA	SOMATIC	GRCh37	Yes	Unk	36413	45838	0	18	-1	-1	-1	10	PDGFRB (NM_002609) rearrangement: c.1367+75:PDGFRB_chr5:g.152640215inv	PRECISE		5to5	PDGFRB-intragenic	INVERSION	3130188	Note: The PDGFRB rearrangement is an inversion of exons 1 - 9. The rearrangement does not include the kinase domain of PDGFRB. Functional significance is undetermined.
genie_public	GENIE-MSK-P-0058807-T01-IM7		PDGFRB	5159	NA	5	140672710		IGR: 9Kb before SLC25A2(-)	PDGFRB	5159	NA	5	149509432		Exon 10 of PDGFRB(-)	NA	SOMATIC	GRCh37	Yes	Unk	65545	126850	0	13	-1	-1	-1	10	PDGFRB (NM_002609) rearrangement: c.1467:PDGFRB_chr5:g.140672710inv	PRECISE		5to5	PDGFRB-intragenic	INVERSION	8836722	Note: The PDGFRB rearrangement is an inversion of exons 10 - 23. One of the breakpoints is within exon 10. The rearrangement includes the kinase domain of PDGFRB. Functional significance is undetermined.
genie_public	GENIE-DFCI-108436-437210		PDGFRB	5159	NA	NA	-1		NA	PDGFRB	5159	NA	NA	-1		NA	Unknown	SOMATIC	NA	Yes	Yes	-1	-1	-1	-1	-1	-1	-1	-1	NA	NA		NA	PDGFRB-INTRAGENIC	NA	-1	NA
genie_public	GENIE-DFCI-004614-4624		PDGFRB	5159	NA	NA	-1		NA	PDGFRB	5159	NA	NA	-1		NA	Unknown	SOMATIC	NA	Yes	Yes	-1	-1	-1	-1	-1	-1	-1	-1	NA	NA		NA	PDGFRB-INTRAGENIC	NA	-1	NA
genie_public	GENIE-DFCI-110641-481334		PDGFRB	5159	NA	NA	-1		NA	PDGFRB	5159	NA	NA	-1		NA	Unknown	SOMATIC	NA	Yes	Yes	-1	-1	-1	-1	-1	-1	-1	-1	NA	NA		NA	PDGFRB-INTRAGENIC	NA	-1	NA
genie_public	GENIE-DFCI-024855-34551		PDGFRB	5159	NA	NA	-1		NA	PDGFRB	5159	NA	NA	-1		NA	Unknown	SOMATIC	NA	Yes	Yes	-1	-1	-1	-1	-1	-1	-1	-1	NA	NA		NA	PDGFRB-INTRAGENIC	NA	-1	NA
genie_public	GENIE-MSK-P-0026351-T03-IM7		PDGFRB	5159	NA	7	4233272		Intron of SDK1(+):12Kb before exon 10	SDK1	221935	NA	5	149514589		Intron of PDGFRB(-):10bp before exon 4	NA	SOMATIC	GRCh37	Unk	Unk	0	0	0	25	-1	-1	-1	-1	PDGFRB (NM_002609) - SDK1 (NM_152744) rearrangement: t(5;7)(q32;p22.2)(chr5:g.149514589::chr7:g.4233272)	PRECISE		5to5	Protein Fusion: in frame  {PDGFRB:SDK1}	TRANSLOCATION	0	Note: The PDGFRB - SDK1 rearrangement is a translocation that results in a fusion of PDGFRB exons 1 - 3 to SDK1 exons 10 - 45. The fusion is predicted to be in frame and does not include the kinase domain of PDGFRB. Functional significance is undetermined
genie_public	GENIE-VICC-748966-unk-1		PDGFRB	5159	NA	NA	-1		NA	THOC2	57187	NA	NA	-1		NA	unknown	SOMATIC	GRCh37	Yes	NA	-1	-1	-1	-1	-1	-1	-1	-1	NA	NA		NA	PDGFRB-THOC2 rearrangement	NA	-1	NA
genie_public	GENIE-PROV-45eb6c1a83-bd9fe7ac9d		PDGFRB	5159	NA	5	149497413		NA	TIGD6	81789	NA	5	149380037		NA	NA	SOMATIC	GRCh37	NA	Yes	-1	-1	-1	-1	-1	-1	-1	-1	NA	PRECISE		NA	Fusion: (PDGFRB-TIGD6)	FUSION	-1	NA
genie_public	GENIE-PROV-788ab9bf2e-4aa1be0c76		PDGFRB	5159	NA	5	149497178		NA	TOR1AIP2	163590	NA	1	179834986		NA	NA	SOMATIC	GRCh37	NA	Yes	-1	-1	-1	-1	-1	-1	-1	-1	NA	PRECISE		NA	Fusion: (PDGFRB-TOR1AIP2)	FUSION	-1	NA
genie_public	GENIE-UCSF-785280-44410T		PPARGC1B	133522	NA	NA	-1		NA	PDGFRB	5159	NA	NA	-1		NA	unknown	SOMATIC	NA	Yes	NA	-1	-1	-1	-1	-1	-1	-1	-1	NA	NA		NA	PPARGC1B::PDGFRB fusion	NA	-1	NA
genie_public	GENIE-MSK-P-0012976-T01-IM5		SH3PXD2B	285590	NA	5	149510161		Exon 9 of PDGFRB(-)	PDGFRB	5159	NA	5	171857484		Intron of SH3PXD2B(-): 8Kb before exon 2	NA	SOMATIC	GRCh37	Unk	Unk	57882	73109	0	7	-1	-1	-1	-1	SH3PXD2B (NM_001017995) - PDGFRB (NM_002609) rearrangement: c.76-7984:SH3PXD2B_c.1308:PDGFRBdel	PRECISE		3to5	Protein fusion: mid-exon (SH3PXD2B-PDGFRB)	DELETION	22347323	Note: The SH3PXD2B - PDGFRB rearrangement is a deletion which results in the fusion of SH3PXD2B exon 1  with PDGFRB exons 9-23. One of the breakpoints is within exon 9 of PDGFRB. The functional significance is undetermined.
genie_public	GENIE-DFCI-003863-9142		SLC6A7	6534	NA	NA	-1		NA	PDGFRB	5159	NA	NA	-1		NA	Unknown	SOMATIC	NA	Yes	Yes	-1	-1	-1	-1	-1	-1	-1	-1	NA	NA		NA	SLC6A7-PDGFRB	NA	-1	NA
genie_public	GENIE-DFCI-631708-6388453				NA	NA	-1		NA	PDGFRB	5159	NA	NA	-1		NA	Unknown	SOMATIC	NA	Yes	Yes	-1	-1	-1	-1	-1	-1	-1	-1	NA	NA		NA	AC008060.8-PDGFRB	NA	-1	NA
genie_public	GENIE-DFCI-201938-2774630		PDGFRB	5159	NA	NA	-1		NA			NA	NA	-1		NA	Unknown	SOMATIC	NA	Yes	Yes	-1	-1	-1	-1	-1	-1	-1	-1	NA	NA		NA	PDGFRB-INTERGENIC	NA	-1	NA
genie_public	GENIE-VICC-563008-unk-1		PDGFRB	5159	NA	NA	-1		NA			NA	NA	-1		NA	unknown	SOMATIC	GRCh37	Yes	NA	-1	-1	-1	-1	-1	-1	-1	-1	NA	NA		NA	PDGFRB-NOTCH2NL Rearrangement	NA	-1	NA
genie_public	GENIE-DFCI-679768-6831050		PDGFRB	5159	NA	NA	-1		NA			NA	NA	-1		NA	Unknown	SOMATIC	NA	Yes	Yes	-1	-1	-1	-1	-1	-1	-1	-1	NA	NA		NA	PDGFRB-INTERGENIC	NA	-1	NA
genie_public	GENIE-DFCI-631708-6388453		PDGFRB	5159	NA	NA	-1		NA			NA	NA	-1		NA	Unknown	SOMATIC	NA	Yes	Yes	-1	-1	-1	-1	-1	-1	-1	-1	NA	NA		NA	PDGFRB-AC008060.8	NA	-1	NA
